,model_size,lr,step,train_loss,eval_loss,eval_min,train_min,compute,params
0,0.01,1.0,12672.0,0.2856654226779938,0.27434855909381484,0.27434855909381484,0.2856654226779938,162.2016,0.0
1,0.01,1.0,25472.0,0.1808626353740692,0.16667886158522172,0.16667886158522172,0.1808626353740692,326.0416,0.0
2,0.01,1.0,38272.0,0.1224459856748581,0.13835607105983963,0.13835607105983963,0.1224459856748581,489.88160000000005,0.0
3,0.01,1.0,51072.0,0.19545474648475647,0.11278073354093712,0.11278073354093712,0.1224459856748581,653.7216000000001,0.0
